parent,label,updated,date,confirmed,recovered,deaths,lon,lat,source,source_url,scraper
Australien,Western Australia,1585078035000,2020-03-24T20:27:15+01:00,175,1,1,115.8605,-31.9505,Coronavirus COVID-19 Global Cases by Johns Hopkins CSSE,https://www.arcgis.com/apps/opsdashboard/index.html#/bda7594740fd40299423467b48e9ecf6,hopkins.arcgis
Australien,New South Wales,1585078035000,2020-03-24T20:27:15+01:00,818,4,7,151.2093,-33.8688,Coronavirus COVID-19 Global Cases by Johns Hopkins CSSE,https://www.arcgis.com/apps/opsdashboard/index.html#/bda7594740fd40299423467b48e9ecf6,hopkins.arcgis
Australien,Northern Territory,1585078035000,2020-03-24T20:27:15+01:00,6,0,0,130.8456,-12.4634,Coronavirus COVID-19 Global Cases by Johns Hopkins CSSE,https://www.arcgis.com/apps/opsdashboard/index.html#/bda7594740fd40299423467b48e9ecf6,hopkins.arcgis
Australien,Australian Capital Territory,1585078035000,2020-03-24T20:27:15+01:00,39,0,0,149.0124,-35.4735,Coronavirus COVID-19 Global Cases by Johns Hopkins CSSE,https://www.arcgis.com/apps/opsdashboard/index.html#/bda7594740fd40299423467b48e9ecf6,hopkins.arcgis
Australien,Queensland,1585078035000,2020-03-24T20:27:15+01:00,397,8,0,153.0251,-27.4698,Coronavirus COVID-19 Global Cases by Johns Hopkins CSSE,https://www.arcgis.com/apps/opsdashboard/index.html#/bda7594740fd40299423467b48e9ecf6,hopkins.arcgis
Australien,South Australia,1585078035000,2020-03-24T20:27:15+01:00,170,6,0,138.6007,-34.9285,Coronavirus COVID-19 Global Cases by Johns Hopkins CSSE,https://www.arcgis.com/apps/opsdashboard/index.html#/bda7594740fd40299423467b48e9ecf6,hopkins.arcgis
Australien,Tasmania,1585078035000,2020-03-24T20:27:15+01:00,28,3,0,147.3272,-42.8821,Coronavirus COVID-19 Global Cases by Johns Hopkins CSSE,https://www.arcgis.com/apps/opsdashboard/index.html#/bda7594740fd40299423467b48e9ecf6,hopkins.arcgis
Australien,Victoria,1585078035000,2020-03-24T20:27:15+01:00,411,97,0,144.9631,-37.8136,Coronavirus COVID-19 Global Cases by Johns Hopkins CSSE,https://www.arcgis.com/apps/opsdashboard/index.html#/bda7594740fd40299423467b48e9ecf6,hopkins.arcgis
Kanada,Nova Scotia,1585078026000,2020-03-24T20:27:06+01:00,51,0,0,-63.7443,44.682,Coronavirus COVID-19 Global Cases by Johns Hopkins CSSE,https://www.arcgis.com/apps/opsdashboard/index.html#/bda7594740fd40299423467b48e9ecf6,hopkins.arcgis
Kanada,Manitoba,1585078026000,2020-03-24T20:27:06+01:00,21,0,0,-98.8139,53.7609,Coronavirus COVID-19 Global Cases by Johns Hopkins CSSE,https://www.arcgis.com/apps/opsdashboard/index.html#/bda7594740fd40299423467b48e9ecf6,hopkins.arcgis
Kanada,Prince Edward Island,1585078026000,2020-03-24T20:27:06+01:00,3,0,0,-63.4168,46.5107,Coronavirus COVID-19 Global Cases by Johns Hopkins CSSE,https://www.arcgis.com/apps/opsdashboard/index.html#/bda7594740fd40299423467b48e9ecf6,hopkins.arcgis
Kanada,Québec,1585078026000,2020-03-24T20:27:06+01:00,1013,0,4,-73.5491,52.9399,Coronavirus COVID-19 Global Cases by Johns Hopkins CSSE,https://www.arcgis.com/apps/opsdashboard/index.html#/bda7594740fd40299423467b48e9ecf6,hopkins.arcgis
Kanada,New Brunswick,1585078026000,2020-03-24T20:27:06+01:00,18,0,0,-66.4619,46.5653,Coronavirus COVID-19 Global Cases by Johns Hopkins CSSE,https://www.arcgis.com/apps/opsdashboard/index.html#/bda7594740fd40299423467b48e9ecf6,hopkins.arcgis
Kanada,Saskatchewan,1585078026000,2020-03-24T20:27:06+01:00,66,0,0,-106.4509,52.9399,Coronavirus COVID-19 Global Cases by Johns Hopkins CSSE,https://www.arcgis.com/apps/opsdashboard/index.html#/bda7594740fd40299423467b48e9ecf6,hopkins.arcgis
Kanada,Alberta,1585078026000,2020-03-24T20:27:06+01:00,301,0,1,-116.5765,53.9333,Coronavirus COVID-19 Global Cases by Johns Hopkins CSSE,https://www.arcgis.com/apps/opsdashboard/index.html#/bda7594740fd40299423467b48e9ecf6,hopkins.arcgis
Kanada,Neufundland und Labrador,1585078026000,2020-03-24T20:27:06+01:00,35,0,0,-57.6604,53.1355,Coronavirus COVID-19 Global Cases by Johns Hopkins CSSE,https://www.arcgis.com/apps/opsdashboard/index.html#/bda7594740fd40299423467b48e9ecf6,hopkins.arcgis
Kanada,British Columbia,1585078026000,2020-03-24T20:27:06+01:00,472,0,13,-127.6476,53.7267,Coronavirus COVID-19 Global Cases by Johns Hopkins CSSE,https://www.arcgis.com/apps/opsdashboard/index.html#/bda7594740fd40299423467b48e9ecf6,hopkins.arcgis
Kanada,Ontario,1585078026000,2020-03-24T20:27:06+01:00,588,0,7,-85.3232,51.2538,Coronavirus COVID-19 Global Cases by Johns Hopkins CSSE,https://www.arcgis.com/apps/opsdashboard/index.html#/bda7594740fd40299423467b48e9ecf6,hopkins.arcgis
USA,Oregon,1585077814000,2020-03-24T20:23:34+01:00,193,0,5,-122.070938,44.572021,Coronavirus COVID-19 Global Cases by Johns Hopkins CSSE,https://www.arcgis.com/apps/opsdashboard/index.html#/bda7594740fd40299423467b48e9ecf6,hopkins.arcgis
USA,Virginia,1585077814000,2020-03-24T20:23:34+01:00,254,0,7,-78.169968,37.769337,Coronavirus COVID-19 Global Cases by Johns Hopkins CSSE,https://www.arcgis.com/apps/opsdashboard/index.html#/bda7594740fd40299423467b48e9ecf6,hopkins.arcgis
USA,Utah,1585077814000,2020-03-24T20:23:34+01:00,298,0,1,-111.862434,40.150032,Coronavirus COVID-19 Global Cases by Johns Hopkins CSSE,https://www.arcgis.com/apps/opsdashboard/index.html#/bda7594740fd40299423467b48e9ecf6,hopkins.arcgis
USA,Michigan,1585077814000,2020-03-24T20:23:34+01:00,1335,0,19,-84.536095,43.326618,Coronavirus COVID-19 Global Cases by Johns Hopkins CSSE,https://www.arcgis.com/apps/opsdashboard/index.html#/bda7594740fd40299423467b48e9ecf6,hopkins.arcgis
USA,Iowa,1585077814000,2020-03-24T20:23:34+01:00,124,0,0,-93.210526,42.011539,Coronavirus COVID-19 Global Cases by Johns Hopkins CSSE,https://www.arcgis.com/apps/opsdashboard/index.html#/bda7594740fd40299423467b48e9ecf6,hopkins.arcgis
USA,Arizona,1585077814000,2020-03-24T20:23:34+01:00,326,0,5,-111.431221,33.729759,Coronavirus COVID-19 Global Cases by Johns Hopkins CSSE,https://www.arcgis.com/apps/opsdashboard/index.html#/bda7594740fd40299423467b48e9ecf6,hopkins.arcgis
USA,Wyoming,1585077814000,2020-03-24T20:23:34+01:00,29,0,0,-107.30249,42.755966,Coronavirus COVID-19 Global Cases by Johns Hopkins CSSE,https://www.arcgis.com/apps/opsdashboard/index.html#/bda7594740fd40299423467b48e9ecf6,hopkins.arcgis
USA,Idaho,1585077814000,2020-03-24T20:23:34+01:00,79,0,0,-114.478828,44.240459,Coronavirus COVID-19 Global Cases by Johns Hopkins CSSE,https://www.arcgis.com/apps/opsdashboard/index.html#/bda7594740fd40299423467b48e9ecf6,hopkins.arcgis
USA,Maryland,1585077814000,2020-03-24T20:23:34+01:00,349,0,4,-76.802101,39.063946,Coronavirus COVID-19 Global Cases by Johns Hopkins CSSE,https://www.arcgis.com/apps/opsdashboard/index.html#/bda7594740fd40299423467b48e9ecf6,hopkins.arcgis
USA,Nördliche Marianen,1585077814000,2020-03-24T20:23:34+01:00,0,0,0,145.6739,15.0979,Coronavirus COVID-19 Global Cases by Johns Hopkins CSSE,https://www.arcgis.com/apps/opsdashboard/index.html#/bda7594740fd40299423467b48e9ecf6,hopkins.arcgis
USA,Nevada,1585077814000,2020-03-24T20:23:34+01:00,278,0,4,-117.055374,38.313515,Coronavirus COVID-19 Global Cases by Johns Hopkins CSSE,https://www.arcgis.com/apps/opsdashboard/index.html#/bda7594740fd40299423467b48e9ecf6,hopkins.arcgis
USA,New York,1585077814000,2020-03-24T20:23:34+01:00,25665,0,210,-74.948051,42.165726,Coronavirus COVID-19 Global Cases by Johns Hopkins CSSE,https://www.arcgis.com/apps/opsdashboard/index.html#/bda7594740fd40299423467b48e9ecf6,hopkins.arcgis
USA,Washington,1585077814000,2020-03-24T20:23:34+01:00,2221,0,111,-121.490494,47.400902,Coronavirus COVID-19 Global Cases by Johns Hopkins CSSE,https://www.arcgis.com/apps/opsdashboard/index.html#/bda7594740fd40299423467b48e9ecf6,hopkins.arcgis
USA,Guam,1585077814000,2020-03-24T20:23:34+01:00,32,0,1,144.7937,13.4443,Coronavirus COVID-19 Global Cases by Johns Hopkins CSSE,https://www.arcgis.com/apps/opsdashboard/index.html#/bda7594740fd40299423467b48e9ecf6,hopkins.arcgis
USA,New Jersey,1585077814000,2020-03-24T20:23:34+01:00,3675,0,44,-74.521011,40.298904,Coronavirus COVID-19 Global Cases by Johns Hopkins CSSE,https://www.arcgis.com/apps/opsdashboard/index.html#/bda7594740fd40299423467b48e9ecf6,hopkins.arcgis
USA,Colorado,1585077814000,2020-03-24T20:23:34+01:00,723,0,8,-105.311104,39.059811,Coronavirus COVID-19 Global Cases by Johns Hopkins CSSE,https://www.arcgis.com/apps/opsdashboard/index.html#/bda7594740fd40299423467b48e9ecf6,hopkins.arcgis
USA,South Dakota,1585077814000,2020-03-24T20:23:34+01:00,28,0,1,-99.438828,44.299782,Coronavirus COVID-19 Global Cases by Johns Hopkins CSSE,https://www.arcgis.com/apps/opsdashboard/index.html#/bda7594740fd40299423467b48e9ecf6,hopkins.arcgis
USA,Maine,1585077814000,2020-03-24T20:23:34+01:00,118,0,0,-69.381927,44.693947,Coronavirus COVID-19 Global Cases by Johns Hopkins CSSE,https://www.arcgis.com/apps/opsdashboard/index.html#/bda7594740fd40299423467b48e9ecf6,hopkins.arcgis
USA,Missouri,1585077814000,2020-03-24T20:23:34+01:00,223,0,5,-92.288368,38.456085,Coronavirus COVID-19 Global Cases by Johns Hopkins CSSE,https://www.arcgis.com/apps/opsdashboard/index.html#/bda7594740fd40299423467b48e9ecf6,hopkins.arcgis
USA,Tennessee,1585077814000,2020-03-24T20:23:34+01:00,704,0,2,-86.692345,35.747845,Coronavirus COVID-19 Global Cases by Johns Hopkins CSSE,https://www.arcgis.com/apps/opsdashboard/index.html#/bda7594740fd40299423467b48e9ecf6,hopkins.arcgis
USA,Alaska,1585077814000,2020-03-24T20:23:34+01:00,34,0,0,-152.404419,61.370716,Coronavirus COVID-19 Global Cases by Johns Hopkins CSSE,https://www.arcgis.com/apps/opsdashboard/index.html#/bda7594740fd40299423467b48e9ecf6,hopkins.arcgis
USA,North Carolina,1585077814000,2020-03-24T20:23:34+01:00,476,0,0,-79.806419,35.630066,Coronavirus COVID-19 Global Cases by Johns Hopkins CSSE,https://www.arcgis.com/apps/opsdashboard/index.html#/bda7594740fd40299423467b48e9ecf6,hopkins.arcgis
USA,West Virginia,1585077814000,2020-03-24T20:23:34+01:00,22,0,0,-80.954453,38.491226,Coronavirus COVID-19 Global Cases by Johns Hopkins CSSE,https://www.arcgis.com/apps/opsdashboard/index.html#/bda7594740fd40299423467b48e9ecf6,hopkins.arcgis
USA,Alabama,1585077814000,2020-03-24T20:23:34+01:00,215,0,0,-86.9023,32.3182,Coronavirus COVID-19 Global Cases by Johns Hopkins CSSE,https://www.arcgis.com/apps/opsdashboard/index.html#/bda7594740fd40299423467b48e9ecf6,hopkins.arcgis
USA,District of Columbia,1585077814000,2020-03-24T20:23:34+01:00,141,0,2,-77.026817,38.897438,Coronavirus COVID-19 Global Cases by Johns Hopkins CSSE,https://www.arcgis.com/apps/opsdashboard/index.html#/bda7594740fd40299423467b48e9ecf6,hopkins.arcgis
USA,Pennsylvania,1585077814000,2020-03-24T20:23:34+01:00,851,0,8,-77.209755,40.590752,Coronavirus COVID-19 Global Cases by Johns Hopkins CSSE,https://www.arcgis.com/apps/opsdashboard/index.html#/bda7594740fd40299423467b48e9ecf6,hopkins.arcgis
USA,Ohio,1585077814000,2020-03-24T20:23:34+01:00,566,0,8,-82.764915,40.388783,Coronavirus COVID-19 Global Cases by Johns Hopkins CSSE,https://www.arcgis.com/apps/opsdashboard/index.html#/bda7594740fd40299423467b48e9ecf6,hopkins.arcgis
USA,Nebraska,1585077814000,2020-03-24T20:23:34+01:00,64,0,0,-98.268082,41.12537,Coronavirus COVID-19 Global Cases by Johns Hopkins CSSE,https://www.arcgis.com/apps/opsdashboard/index.html#/bda7594740fd40299423467b48e9ecf6,hopkins.arcgis
USA,Rhode Island,1585077814000,2020-03-24T20:23:34+01:00,124,0,0,-71.51178,41.680893,Coronavirus COVID-19 Global Cases by Johns Hopkins CSSE,https://www.arcgis.com/apps/opsdashboard/index.html#/bda7594740fd40299423467b48e9ecf6,hopkins.arcgis
USA,Kentucky,1585077814000,2020-03-24T20:23:34+01:00,123,0,4,-84.670067,37.66814,Coronavirus COVID-19 Global Cases by Johns Hopkins CSSE,https://www.arcgis.com/apps/opsdashboard/index.html#/bda7594740fd40299423467b48e9ecf6,hopkins.arcgis
USA,North Dakota,1585077814000,2020-03-24T20:23:34+01:00,34,0,0,-99.784012,47.528912,Coronavirus COVID-19 Global Cases by Johns Hopkins CSSE,https://www.arcgis.com/apps/opsdashboard/index.html#/bda7594740fd40299423467b48e9ecf6,hopkins.arcgis
USA,Hawaii,1585077814000,2020-03-24T20:23:34+01:00,77,0,1,-157.498337,21.094318,Coronavirus COVID-19 Global Cases by Johns Hopkins CSSE,https://www.arcgis.com/apps/opsdashboard/index.html#/bda7594740fd40299423467b48e9ecf6,hopkins.arcgis
USA,Florida,1585077814000,2020-03-24T20:23:34+01:00,1412,0,18,-81.686783,27.766279,Coronavirus COVID-19 Global Cases by Johns Hopkins CSSE,https://www.arcgis.com/apps/opsdashboard/index.html#/bda7594740fd40299423467b48e9ecf6,hopkins.arcgis
USA,Georgia,1585077814000,2020-03-24T20:23:34+01:00,1027,0,32,-83.643074,33.040619,Coronavirus COVID-19 Global Cases by Johns Hopkins CSSE,https://www.arcgis.com/apps/opsdashboard/index.html#/bda7594740fd40299423467b48e9ecf6,hopkins.arcgis
USA,Puerto Rico,1585077814000,2020-03-24T20:23:34+01:00,39,0,2,-66.5901,18.2208,Coronavirus COVID-19 Global Cases by Johns Hopkins CSSE,https://www.arcgis.com/apps/opsdashboard/index.html#/bda7594740fd40299423467b48e9ecf6,hopkins.arcgis
USA,Vermont,1585077814000,2020-03-24T20:23:34+01:00,95,0,7,-72.710686,44.045876,Coronavirus COVID-19 Global Cases by Johns Hopkins CSSE,https://www.arcgis.com/apps/opsdashboard/index.html#/bda7594740fd40299423467b48e9ecf6,hopkins.arcgis
USA,California,1585077814000,2020-03-24T20:23:34+01:00,2322,0,46,-119.681564,36.116203,Coronavirus COVID-19 Global Cases by Johns Hopkins CSSE,https://www.arcgis.com/apps/opsdashboard/index.html#/bda7594740fd40299423467b48e9ecf6,hopkins.arcgis
USA,Amerikanische Jungferninseln,1585077814000,2020-03-24T20:23:34+01:00,17,0,0,-64.8963,18.3358,Coronavirus COVID-19 Global Cases by Johns Hopkins CSSE,https://www.arcgis.com/apps/opsdashboard/index.html#/bda7594740fd40299423467b48e9ecf6,hopkins.arcgis
USA,Connecticut,1585077814000,2020-03-24T20:23:34+01:00,415,0,10,-72.755371,41.597782,Coronavirus COVID-19 Global Cases by Johns Hopkins CSSE,https://www.arcgis.com/apps/opsdashboard/index.html#/bda7594740fd40299423467b48e9ecf6,hopkins.arcgis
USA,Amerikanisch-Samoa,1585077814000,2020-03-24T20:23:34+01:00,0,0,0,-170.132,-14.271,Coronavirus COVID-19 Global Cases by Johns Hopkins CSSE,https://www.arcgis.com/apps/opsdashboard/index.html#/bda7594740fd40299423467b48e9ecf6,hopkins.arcgis
USA,Kansas,1585077814000,2020-03-24T20:23:34+01:00,85,0,2,-96.726486,38.5266,Coronavirus COVID-19 Global Cases by Johns Hopkins CSSE,https://www.arcgis.com/apps/opsdashboard/index.html#/bda7594740fd40299423467b48e9ecf6,hopkins.arcgis
USA,Wisconsin,1585077814000,2020-03-24T20:23:34+01:00,465,0,5,-89.616508,44.268543,Coronavirus COVID-19 Global Cases by Johns Hopkins CSSE,https://www.arcgis.com/apps/opsdashboard/index.html#/bda7594740fd40299423467b48e9ecf6,hopkins.arcgis
USA,South Carolina,1585077814000,2020-03-24T20:23:34+01:00,298,0,5,-80.945007,33.856892,Coronavirus COVID-19 Global Cases by Johns Hopkins CSSE,https://www.arcgis.com/apps/opsdashboard/index.html#/bda7594740fd40299423467b48e9ecf6,hopkins.arcgis
USA,Texas,1585077814000,2020-03-24T20:23:34+01:00,857,0,10,-97.563461,31.054487,Coronavirus COVID-19 Global Cases by Johns Hopkins CSSE,https://www.arcgis.com/apps/opsdashboard/index.html#/bda7594740fd40299423467b48e9ecf6,hopkins.arcgis
USA,Massachusetts,1585077814000,2020-03-24T20:23:34+01:00,786,0,9,-71.530106,42.230171,Coronavirus COVID-19 Global Cases by Johns Hopkins CSSE,https://www.arcgis.com/apps/opsdashboard/index.html#/bda7594740fd40299423467b48e9ecf6,hopkins.arcgis
USA,Louisiana,1585077814000,2020-03-24T20:23:34+01:00,1388,0,46,-91.867805,31.169546,Coronavirus COVID-19 Global Cases by Johns Hopkins CSSE,https://www.arcgis.com/apps/opsdashboard/index.html#/bda7594740fd40299423467b48e9ecf6,hopkins.arcgis
USA,Indiana,1585077814000,2020-03-24T20:23:34+01:00,367,0,12,-86.258278,39.849426,Coronavirus COVID-19 Global Cases by Johns Hopkins CSSE,https://www.arcgis.com/apps/opsdashboard/index.html#/bda7594740fd40299423467b48e9ecf6,hopkins.arcgis
USA,New Hampshire,1585077814000,2020-03-24T20:23:34+01:00,101,0,1,-71.563896,43.452492,Coronavirus COVID-19 Global Cases by Johns Hopkins CSSE,https://www.arcgis.com/apps/opsdashboard/index.html#/bda7594740fd40299423467b48e9ecf6,hopkins.arcgis
USA,Montana,1585077814000,2020-03-24T20:23:34+01:00,46,0,0,-110.454353,46.921925,Coronavirus COVID-19 Global Cases by Johns Hopkins CSSE,https://www.arcgis.com/apps/opsdashboard/index.html#/bda7594740fd40299423467b48e9ecf6,hopkins.arcgis
USA,New Mexico,1585077814000,2020-03-24T20:23:34+01:00,83,0,0,-106.248482,34.840515,Coronavirus COVID-19 Global Cases by Johns Hopkins CSSE,https://www.arcgis.com/apps/opsdashboard/index.html#/bda7594740fd40299423467b48e9ecf6,hopkins.arcgis
USA,Arkansas,1585077814000,2020-03-24T20:23:34+01:00,218,0,1,-92.373123,34.969704,Coronavirus COVID-19 Global Cases by Johns Hopkins CSSE,https://www.arcgis.com/apps/opsdashboard/index.html#/bda7594740fd40299423467b48e9ecf6,hopkins.arcgis
USA,Illinois,1585077814000,2020-03-24T20:23:34+01:00,1285,0,12,-88.986137,40.349457,Coronavirus COVID-19 Global Cases by Johns Hopkins CSSE,https://www.arcgis.com/apps/opsdashboard/index.html#/bda7594740fd40299423467b48e9ecf6,hopkins.arcgis
USA,Minnesota,1585077814000,2020-03-24T20:23:34+01:00,261,0,1,-93.900192,45.694454,Coronavirus COVID-19 Global Cases by Johns Hopkins CSSE,https://www.arcgis.com/apps/opsdashboard/index.html#/bda7594740fd40299423467b48e9ecf6,hopkins.arcgis
USA,Delaware,1585077814000,2020-03-24T20:23:34+01:00,87,0,0,-75.507141,39.318523,Coronavirus COVID-19 Global Cases by Johns Hopkins CSSE,https://www.arcgis.com/apps/opsdashboard/index.html#/bda7594740fd40299423467b48e9ecf6,hopkins.arcgis
USA,Oklahoma,1585077814000,2020-03-24T20:23:34+01:00,106,0,3,-96.928917,35.565342,Coronavirus COVID-19 Global Cases by Johns Hopkins CSSE,https://www.arcgis.com/apps/opsdashboard/index.html#/bda7594740fd40299423467b48e9ecf6,hopkins.arcgis
USA,"Kreuzfahrtschiff ""Grand Princess""",1585077814000,2020-03-24T20:23:34+01:00,28,0,1,-122.665479,37.64894,Coronavirus COVID-19 Global Cases by Johns Hopkins CSSE,https://www.arcgis.com/apps/opsdashboard/index.html#/bda7594740fd40299423467b48e9ecf6,hopkins.arcgis
USA,Mississippi,1585077814000,2020-03-24T20:23:34+01:00,320,0,1,-89.678696,32.741646,Coronavirus COVID-19 Global Cases by Johns Hopkins CSSE,https://www.arcgis.com/apps/opsdashboard/index.html#/bda7594740fd40299423467b48e9ecf6,hopkins.arcgis
global,Oman,1585077801000,2020-03-24T20:23:21+01:00,84,17,0,55.923255,21.512583,Coronavirus COVID-19 Global Cases by Johns Hopkins CSSE,https://www.arcgis.com/apps/opsdashboard/index.html#/bda7594740fd40299423467b48e9ecf6,hopkins.arcgis
global,Antigua und Barbuda,1585077801000,2020-03-24T20:23:21+01:00,3,0,0,-61.7964,17.0608,Coronavirus COVID-19 Global Cases by Johns Hopkins CSSE,https://www.arcgis.com/apps/opsdashboard/index.html#/bda7594740fd40299423467b48e9ecf6,hopkins.arcgis
global,Armenien,1585077801000,2020-03-24T20:23:21+01:00,249,4,0,45.0382,40.0691,Coronavirus COVID-19 Global Cases by Johns Hopkins CSSE,https://www.arcgis.com/apps/opsdashboard/index.html#/bda7594740fd40299423467b48e9ecf6,hopkins.arcgis
global,Österreich,1585077801000,2020-03-24T20:23:21+01:00,5137,9,28,14.5501,47.5162,Coronavirus COVID-19 Global Cases by Johns Hopkins CSSE,https://www.arcgis.com/apps/opsdashboard/index.html#/bda7594740fd40299423467b48e9ecf6,hopkins.arcgis
global,Aserbaidschan,1585077801000,2020-03-24T20:23:21+01:00,87,10,1,47.5769,40.1431,Coronavirus COVID-19 Global Cases by Johns Hopkins CSSE,https://www.arcgis.com/apps/opsdashboard/index.html#/bda7594740fd40299423467b48e9ecf6,hopkins.arcgis
global,Bahamas,1585077801000,2020-03-24T20:23:21+01:00,4,0,0,-78.035889,25.025885,Coronavirus COVID-19 Global Cases by Johns Hopkins CSSE,https://www.arcgis.com/apps/opsdashboard/index.html#/bda7594740fd40299423467b48e9ecf6,hopkins.arcgis
global,Bahrain,1585077801000,2020-03-24T20:23:21+01:00,392,177,3,50.55,26.0275,Coronavirus COVID-19 Global Cases by Johns Hopkins CSSE,https://www.arcgis.com/apps/opsdashboard/index.html#/bda7594740fd40299423467b48e9ecf6,hopkins.arcgis
global,Bangladesch,1585077801000,2020-03-24T20:23:21+01:00,39,5,4,90.3563,23.685,Coronavirus COVID-19 Global Cases by Johns Hopkins CSSE,https://www.arcgis.com/apps/opsdashboard/index.html#/bda7594740fd40299423467b48e9ecf6,hopkins.arcgis
global,Barbados,1585077801000,2020-03-24T20:23:21+01:00,17,0,0,-59.5432,13.1939,Coronavirus COVID-19 Global Cases by Johns Hopkins CSSE,https://www.arcgis.com/apps/opsdashboard/index.html#/bda7594740fd40299423467b48e9ecf6,hopkins.arcgis
global,Belarus,1585077801000,2020-03-24T20:23:21+01:00,81,22,0,27.9534,53.7098,Coronavirus COVID-19 Global Cases by Johns Hopkins CSSE,https://www.arcgis.com/apps/opsdashboard/index.html#/bda7594740fd40299423467b48e9ecf6,hopkins.arcgis
global,Belgien,1585077801000,2020-03-24T20:23:21+01:00,4269,461,122,4.469936,50.8333,Coronavirus COVID-19 Global Cases by Johns Hopkins CSSE,https://www.arcgis.com/apps/opsdashboard/index.html#/bda7594740fd40299423467b48e9ecf6,hopkins.arcgis
global,Belize,1585077801000,2020-03-24T20:23:21+01:00,1,0,0,-88.4976,17.1899,Coronavirus COVID-19 Global Cases by Johns Hopkins CSSE,https://www.arcgis.com/apps/opsdashboard/index.html#/bda7594740fd40299423467b48e9ecf6,hopkins.arcgis
global,Benin,1585077801000,2020-03-24T20:23:21+01:00,6,0,0,2.3158,9.3077,Coronavirus COVID-19 Global Cases by Johns Hopkins CSSE,https://www.arcgis.com/apps/opsdashboard/index.html#/bda7594740fd40299423467b48e9ecf6,hopkins.arcgis
global,Bhutan,1585077801000,2020-03-24T20:23:21+01:00,2,0,0,90.4336,27.5142,Coronavirus COVID-19 Global Cases by Johns Hopkins CSSE,https://www.arcgis.com/apps/opsdashboard/index.html#/bda7594740fd40299423467b48e9ecf6,hopkins.arcgis
global,Bolivien,1585077801000,2020-03-24T20:23:21+01:00,29,0,0,-63.5887,-16.2902,Coronavirus COVID-19 Global Cases by Johns Hopkins CSSE,https://www.arcgis.com/apps/opsdashboard/index.html#/bda7594740fd40299423467b48e9ecf6,hopkins.arcgis
global,Bosnien und Herzegowina,1585077801000,2020-03-24T20:23:21+01:00,164,2,2,17.6791,43.9159,Coronavirus COVID-19 Global Cases by Johns Hopkins CSSE,https://www.arcgis.com/apps/opsdashboard/index.html#/bda7594740fd40299423467b48e9ecf6,hopkins.arcgis
global,Brasilien,1585077801000,2020-03-24T20:23:21+01:00,1980,2,34,-51.9253,-14.235,Coronavirus COVID-19 Global Cases by Johns Hopkins CSSE,https://www.arcgis.com/apps/opsdashboard/index.html#/bda7594740fd40299423467b48e9ecf6,hopkins.arcgis
global,Brunei,1585077801000,2020-03-24T20:23:21+01:00,104,2,0,114.7277,4.5353,Coronavirus COVID-19 Global Cases by Johns Hopkins CSSE,https://www.arcgis.com/apps/opsdashboard/index.html#/bda7594740fd40299423467b48e9ecf6,hopkins.arcgis
global,Bulgarien,1585077801000,2020-03-24T20:23:21+01:00,218,3,3,25.4858,42.7339,Coronavirus COVID-19 Global Cases by Johns Hopkins CSSE,https://www.arcgis.com/apps/opsdashboard/index.html#/bda7594740fd40299423467b48e9ecf6,hopkins.arcgis
global,Burkina Faso,1585077801000,2020-03-24T20:23:21+01:00,114,7,4,-1.5616,12.2383,Coronavirus COVID-19 Global Cases by Johns Hopkins CSSE,https://www.arcgis.com/apps/opsdashboard/index.html#/bda7594740fd40299423467b48e9ecf6,hopkins.arcgis
global,Kap Verde,1585077801000,2020-03-24T20:23:21+01:00,3,0,1,-23.0418,16.5388,Coronavirus COVID-19 Global Cases by Johns Hopkins CSSE,https://www.arcgis.com/apps/opsdashboard/index.html#/bda7594740fd40299423467b48e9ecf6,hopkins.arcgis
global,Kambodscha,1585077801000,2020-03-24T20:23:21+01:00,91,4,0,104.9167,11.55,Coronavirus COVID-19 Global Cases by Johns Hopkins CSSE,https://www.arcgis.com/apps/opsdashboard/index.html#/bda7594740fd40299423467b48e9ecf6,hopkins.arcgis
global,Kamerun,1585077801000,2020-03-24T20:23:21+01:00,66,2,0,11.5021,3.848,Coronavirus COVID-19 Global Cases by Johns Hopkins CSSE,https://www.arcgis.com/apps/opsdashboard/index.html#/bda7594740fd40299423467b48e9ecf6,hopkins.arcgis
global,Zentralafrikanische Republik,1585077801000,2020-03-24T20:23:21+01:00,3,0,0,20.9394,6.6111,Coronavirus COVID-19 Global Cases by Johns Hopkins CSSE,https://www.arcgis.com/apps/opsdashboard/index.html#/bda7594740fd40299423467b48e9ecf6,hopkins.arcgis
global,Tschad,1585077801000,2020-03-24T20:23:21+01:00,3,0,0,18.7322,15.4542,Coronavirus COVID-19 Global Cases by Johns Hopkins CSSE,https://www.arcgis.com/apps/opsdashboard/index.html#/bda7594740fd40299423467b48e9ecf6,hopkins.arcgis
global,Chile,1585077801000,2020-03-24T20:23:21+01:00,922,17,2,-71.543,-35.6751,Coronavirus COVID-19 Global Cases by Johns Hopkins CSSE,https://www.arcgis.com/apps/opsdashboard/index.html#/bda7594740fd40299423467b48e9ecf6,hopkins.arcgis
global,Kolumbien,1585077801000,2020-03-24T20:23:21+01:00,306,6,3,-74.2973,4.5709,Coronavirus COVID-19 Global Cases by Johns Hopkins CSSE,https://www.arcgis.com/apps/opsdashboard/index.html#/bda7594740fd40299423467b48e9ecf6,hopkins.arcgis
global,Republik Kongo,1585077801000,2020-03-24T20:23:21+01:00,4,0,0,15.2832,-4.2634,Coronavirus COVID-19 Global Cases by Johns Hopkins CSSE,https://www.arcgis.com/apps/opsdashboard/index.html#/bda7594740fd40299423467b48e9ecf6,hopkins.arcgis
global,Demokratische Republik Kongo,1585077801000,2020-03-24T20:23:21+01:00,45,0,2,15.307045,-4.322447,Coronavirus COVID-19 Global Cases by Johns Hopkins CSSE,https://www.arcgis.com/apps/opsdashboard/index.html#/bda7594740fd40299423467b48e9ecf6,hopkins.arcgis
global,Costa Rica,1585077801000,2020-03-24T20:23:21+01:00,177,2,2,-83.7534,9.7489,Coronavirus COVID-19 Global Cases by Johns Hopkins CSSE,https://www.arcgis.com/apps/opsdashboard/index.html#/bda7594740fd40299423467b48e9ecf6,hopkins.arcgis
global,Elfenbeinküste,1585077801000,2020-03-24T20:23:21+01:00,73,2,0,-5.5471,7.54,Coronavirus COVID-19 Global Cases by Johns Hopkins CSSE,https://www.arcgis.com/apps/opsdashboard/index.html#/bda7594740fd40299423467b48e9ecf6,hopkins.arcgis
global,Kroatien,1585077801000,2020-03-24T20:23:21+01:00,382,5,1,15.2,45.1,Coronavirus COVID-19 Global Cases by Johns Hopkins CSSE,https://www.arcgis.com/apps/opsdashboard/index.html#/bda7594740fd40299423467b48e9ecf6,hopkins.arcgis
global,Kuba,1585077801000,2020-03-24T20:23:21+01:00,48,0,1,-77.781167,21.521757,Coronavirus COVID-19 Global Cases by Johns Hopkins CSSE,https://www.arcgis.com/apps/opsdashboard/index.html#/bda7594740fd40299423467b48e9ecf6,hopkins.arcgis
global,Zypern,1585077801000,2020-03-24T20:23:21+01:00,124,3,3,33.4299,35.1264,Coronavirus COVID-19 Global Cases by Johns Hopkins CSSE,https://www.arcgis.com/apps/opsdashboard/index.html#/bda7594740fd40299423467b48e9ecf6,hopkins.arcgis
global,Tschechien,1585077801000,2020-03-24T20:23:21+01:00,1394,8,2,15.473,49.8175,Coronavirus COVID-19 Global Cases by Johns Hopkins CSSE,https://www.arcgis.com/apps/opsdashboard/index.html#/bda7594740fd40299423467b48e9ecf6,hopkins.arcgis
global,Dänemark,1585077801000,2020-03-24T20:23:21+01:00,1591,1,32,9.5018,56.2639,Coronavirus COVID-19 Global Cases by Johns Hopkins CSSE,https://www.arcgis.com/apps/opsdashboard/index.html#/bda7594740fd40299423467b48e9ecf6,hopkins.arcgis
global,Djibouti,1585077801000,2020-03-24T20:23:21+01:00,3,0,0,42.5903,11.8251,Coronavirus COVID-19 Global Cases by Johns Hopkins CSSE,https://www.arcgis.com/apps/opsdashboard/index.html#/bda7594740fd40299423467b48e9ecf6,hopkins.arcgis
global,Dominica,1585077801000,2020-03-24T20:23:21+01:00,2,0,0,-61.371,15.415,Coronavirus COVID-19 Global Cases by Johns Hopkins CSSE,https://www.arcgis.com/apps/opsdashboard/index.html#/bda7594740fd40299423467b48e9ecf6,hopkins.arcgis
global,Dominikanische Republik,1585077801000,2020-03-24T20:23:21+01:00,312,3,6,-70.1627,18.7357,Coronavirus COVID-19 Global Cases by Johns Hopkins CSSE,https://www.arcgis.com/apps/opsdashboard/index.html#/bda7594740fd40299423467b48e9ecf6,hopkins.arcgis
global,Ecuador,1585077801000,2020-03-24T20:23:21+01:00,1049,3,27,-78.1834,-1.8312,Coronavirus COVID-19 Global Cases by Johns Hopkins CSSE,https://www.arcgis.com/apps/opsdashboard/index.html#/bda7594740fd40299423467b48e9ecf6,hopkins.arcgis
global,Ägypten,1585077801000,2020-03-24T20:23:21+01:00,402,80,20,30.802498,26.820553,Coronavirus COVID-19 Global Cases by Johns Hopkins CSSE,https://www.arcgis.com/apps/opsdashboard/index.html#/bda7594740fd40299423467b48e9ecf6,hopkins.arcgis
global,El Salvador,1585077801000,2020-03-24T20:23:21+01:00,5,0,0,-88.8965,13.7942,Coronavirus COVID-19 Global Cases by Johns Hopkins CSSE,https://www.arcgis.com/apps/opsdashboard/index.html#/bda7594740fd40299423467b48e9ecf6,hopkins.arcgis
global,Äquatorialguinea,1585077801000,2020-03-24T20:23:21+01:00,9,0,0,10.2679,1.6508,Coronavirus COVID-19 Global Cases by Johns Hopkins CSSE,https://www.arcgis.com/apps/opsdashboard/index.html#/bda7594740fd40299423467b48e9ecf6,hopkins.arcgis
global,Eritrea,1585077801000,2020-03-24T20:23:21+01:00,1,0,0,39.7823,15.1794,Coronavirus COVID-19 Global Cases by Johns Hopkins CSSE,https://www.arcgis.com/apps/opsdashboard/index.html#/bda7594740fd40299423467b48e9ecf6,hopkins.arcgis
global,Estland,1585077801000,2020-03-24T20:23:21+01:00,369,7,0,25.0136,58.5953,Coronavirus COVID-19 Global Cases by Johns Hopkins CSSE,https://www.arcgis.com/apps/opsdashboard/index.html#/bda7594740fd40299423467b48e9ecf6,hopkins.arcgis
global,Eswatini,1585077801000,2020-03-24T20:23:21+01:00,4,0,0,31.4659,-26.5225,Coronavirus COVID-19 Global Cases by Johns Hopkins CSSE,https://www.arcgis.com/apps/opsdashboard/index.html#/bda7594740fd40299423467b48e9ecf6,hopkins.arcgis
global,Äthiopien,1585077801000,2020-03-24T20:23:21+01:00,12,0,0,40.4897,9.145,Coronavirus COVID-19 Global Cases by Johns Hopkins CSSE,https://www.arcgis.com/apps/opsdashboard/index.html#/bda7594740fd40299423467b48e9ecf6,hopkins.arcgis
global,Fidschi,1585077801000,2020-03-24T20:23:21+01:00,4,0,0,178.065,-17.7134,Coronavirus COVID-19 Global Cases by Johns Hopkins CSSE,https://www.arcgis.com/apps/opsdashboard/index.html#/bda7594740fd40299423467b48e9ecf6,hopkins.arcgis
global,Finnland,1585077801000,2020-03-24T20:23:21+01:00,792,10,1,25.748151,61.92411,Coronavirus COVID-19 Global Cases by Johns Hopkins CSSE,https://www.arcgis.com/apps/opsdashboard/index.html#/bda7594740fd40299423467b48e9ecf6,hopkins.arcgis
global,Frankreich,1585077801000,2020-03-24T20:23:21+01:00,22304,3281,1100,2.2137,46.2276,Coronavirus COVID-19 Global Cases by Johns Hopkins CSSE,https://www.arcgis.com/apps/opsdashboard/index.html#/bda7594740fd40299423467b48e9ecf6,hopkins.arcgis
global,Gabon,1585077801000,2020-03-24T20:23:21+01:00,6,0,1,11.6094,-0.8037,Coronavirus COVID-19 Global Cases by Johns Hopkins CSSE,https://www.arcgis.com/apps/opsdashboard/index.html#/bda7594740fd40299423467b48e9ecf6,hopkins.arcgis
global,Gambia,1585077801000,2020-03-24T20:23:21+01:00,3,0,1,-15.3101,13.4432,Coronavirus COVID-19 Global Cases by Johns Hopkins CSSE,https://www.arcgis.com/apps/opsdashboard/index.html#/bda7594740fd40299423467b48e9ecf6,hopkins.arcgis
global,Georgien,1585077801000,2020-03-24T20:23:21+01:00,70,9,0,43.3569,42.3154,Coronavirus COVID-19 Global Cases by Johns Hopkins CSSE,https://www.arcgis.com/apps/opsdashboard/index.html#/bda7594740fd40299423467b48e9ecf6,hopkins.arcgis
global,Ghana,1585077801000,2020-03-24T20:23:21+01:00,52,0,2,-1.0232,7.9465,Coronavirus COVID-19 Global Cases by Johns Hopkins CSSE,https://www.arcgis.com/apps/opsdashboard/index.html#/bda7594740fd40299423467b48e9ecf6,hopkins.arcgis
global,Griechenland,1585077801000,2020-03-24T20:23:21+01:00,743,29,20,21.8243,39.0742,Coronavirus COVID-19 Global Cases by Johns Hopkins CSSE,https://www.arcgis.com/apps/opsdashboard/index.html#/bda7594740fd40299423467b48e9ecf6,hopkins.arcgis
global,Grenada,1585077801000,2020-03-24T20:23:21+01:00,1,0,0,-61.679,12.1165,Coronavirus COVID-19 Global Cases by Johns Hopkins CSSE,https://www.arcgis.com/apps/opsdashboard/index.html#/bda7594740fd40299423467b48e9ecf6,hopkins.arcgis
global,Guatemala,1585077801000,2020-03-24T20:23:21+01:00,21,0,1,-90.2308,15.7835,Coronavirus COVID-19 Global Cases by Johns Hopkins CSSE,https://www.arcgis.com/apps/opsdashboard/index.html#/bda7594740fd40299423467b48e9ecf6,hopkins.arcgis
global,Guinea,1585077801000,2020-03-24T20:23:21+01:00,4,0,0,-9.6966,9.9456,Coronavirus COVID-19 Global Cases by Johns Hopkins CSSE,https://www.arcgis.com/apps/opsdashboard/index.html#/bda7594740fd40299423467b48e9ecf6,hopkins.arcgis
global,Guyana,1585077801000,2020-03-24T20:23:21+01:00,20,0,1,-58.93018,4.860416,Coronavirus COVID-19 Global Cases by Johns Hopkins CSSE,https://www.arcgis.com/apps/opsdashboard/index.html#/bda7594740fd40299423467b48e9ecf6,hopkins.arcgis
global,Haiti,1585077801000,2020-03-24T20:23:21+01:00,6,0,0,-72.2852,18.9712,Coronavirus COVID-19 Global Cases by Johns Hopkins CSSE,https://www.arcgis.com/apps/opsdashboard/index.html#/bda7594740fd40299423467b48e9ecf6,hopkins.arcgis
global,Vatikan,1585077801000,2020-03-24T20:23:21+01:00,4,0,0,12.4534,41.9029,Coronavirus COVID-19 Global Cases by Johns Hopkins CSSE,https://www.arcgis.com/apps/opsdashboard/index.html#/bda7594740fd40299423467b48e9ecf6,hopkins.arcgis
global,Honduras,1585077801000,2020-03-24T20:23:21+01:00,30,0,0,-86.2419,15.2,Coronavirus COVID-19 Global Cases by Johns Hopkins CSSE,https://www.arcgis.com/apps/opsdashboard/index.html#/bda7594740fd40299423467b48e9ecf6,hopkins.arcgis
global,Ungarn,1585077801000,2020-03-24T20:23:21+01:00,187,21,9,19.5033,47.1625,Coronavirus COVID-19 Global Cases by Johns Hopkins CSSE,https://www.arcgis.com/apps/opsdashboard/index.html#/bda7594740fd40299423467b48e9ecf6,hopkins.arcgis
global,Island,1585077801000,2020-03-24T20:23:21+01:00,648,51,2,-19.0208,64.9631,Coronavirus COVID-19 Global Cases by Johns Hopkins CSSE,https://www.arcgis.com/apps/opsdashboard/index.html#/bda7594740fd40299423467b48e9ecf6,hopkins.arcgis
global,Indien,1585077801000,2020-03-24T20:23:21+01:00,536,40,10,78.96288,20.593684,Coronavirus COVID-19 Global Cases by Johns Hopkins CSSE,https://www.arcgis.com/apps/opsdashboard/index.html#/bda7594740fd40299423467b48e9ecf6,hopkins.arcgis
global,Indonesien,1585077801000,2020-03-24T20:23:21+01:00,686,30,55,113.9213,-0.7893,Coronavirus COVID-19 Global Cases by Johns Hopkins CSSE,https://www.arcgis.com/apps/opsdashboard/index.html#/bda7594740fd40299423467b48e9ecf6,hopkins.arcgis
global,Iran,1585077801000,2020-03-24T20:23:21+01:00,24811,8913,1934,53.688046,32.427908,Coronavirus COVID-19 Global Cases by Johns Hopkins CSSE,https://www.arcgis.com/apps/opsdashboard/index.html#/bda7594740fd40299423467b48e9ecf6,hopkins.arcgis
global,Irak,1585077801000,2020-03-24T20:23:21+01:00,316,75,27,43.679291,33.223191,Coronavirus COVID-19 Global Cases by Johns Hopkins CSSE,https://www.arcgis.com/apps/opsdashboard/index.html#/bda7594740fd40299423467b48e9ecf6,hopkins.arcgis
global,Irland,1585077801000,2020-03-24T20:23:21+01:00,1125,5,6,-7.6921,53.1424,Coronavirus COVID-19 Global Cases by Johns Hopkins CSSE,https://www.arcgis.com/apps/opsdashboard/index.html#/bda7594740fd40299423467b48e9ecf6,hopkins.arcgis
global,Israel,1585077801000,2020-03-24T20:23:21+01:00,1656,49,3,34.851612,31.046051,Coronavirus COVID-19 Global Cases by Johns Hopkins CSSE,https://www.arcgis.com/apps/opsdashboard/index.html#/bda7594740fd40299423467b48e9ecf6,hopkins.arcgis
Niederlande,Aruba,1585077801000,2020-03-24T20:23:21+01:00,12,1,0,-69.9683,12.5211,Coronavirus COVID-19 Global Cases by Johns Hopkins CSSE,https://www.arcgis.com/apps/opsdashboard/index.html#/bda7594740fd40299423467b48e9ecf6,hopkins.arcgis
global,Jamaica,1585077801000,2020-03-24T20:23:21+01:00,21,2,1,-77.2975,18.1096,Coronavirus COVID-19 Global Cases by Johns Hopkins CSSE,https://www.arcgis.com/apps/opsdashboard/index.html#/bda7594740fd40299423467b48e9ecf6,hopkins.arcgis
global,Japan,1585077801000,2020-03-24T20:23:21+01:00,1193,285,43,138.252924,36.204824,Coronavirus COVID-19 Global Cases by Johns Hopkins CSSE,https://www.arcgis.com/apps/opsdashboard/index.html#/bda7594740fd40299423467b48e9ecf6,hopkins.arcgis
global,Jordanien,1585077801000,2020-03-24T20:23:21+01:00,153,1,0,36.51,31.24,Coronavirus COVID-19 Global Cases by Johns Hopkins CSSE,https://www.arcgis.com/apps/opsdashboard/index.html#/bda7594740fd40299423467b48e9ecf6,hopkins.arcgis
global,Kasachstan,1585077801000,2020-03-24T20:23:21+01:00,72,0,0,66.9237,48.0196,Coronavirus COVID-19 Global Cases by Johns Hopkins CSSE,https://www.arcgis.com/apps/opsdashboard/index.html#/bda7594740fd40299423467b48e9ecf6,hopkins.arcgis
global,Kenia,1585077801000,2020-03-24T20:23:21+01:00,25,0,0,37.9062,-0.0236,Coronavirus COVID-19 Global Cases by Johns Hopkins CSSE,https://www.arcgis.com/apps/opsdashboard/index.html#/bda7594740fd40299423467b48e9ecf6,hopkins.arcgis
global,Südkorea,1585077801000,2020-03-24T20:23:21+01:00,9037,3507,120,127.766922,35.907757,Coronavirus COVID-19 Global Cases by Johns Hopkins CSSE,https://www.arcgis.com/apps/opsdashboard/index.html#/bda7594740fd40299423467b48e9ecf6,hopkins.arcgis
global,Kuwait,1585077801000,2020-03-24T20:23:21+01:00,191,39,0,47.481766,29.31166,Coronavirus COVID-19 Global Cases by Johns Hopkins CSSE,https://www.arcgis.com/apps/opsdashboard/index.html#/bda7594740fd40299423467b48e9ecf6,hopkins.arcgis
global,Kirgisistan,1585077801000,2020-03-24T20:23:21+01:00,42,0,0,74.766098,41.20438,Coronavirus COVID-19 Global Cases by Johns Hopkins CSSE,https://www.arcgis.com/apps/opsdashboard/index.html#/bda7594740fd40299423467b48e9ecf6,hopkins.arcgis
global,Laos,1585077801000,2020-03-24T20:23:21+01:00,2,0,0,102.495496,19.85627,Coronavirus COVID-19 Global Cases by Johns Hopkins CSSE,https://www.arcgis.com/apps/opsdashboard/index.html#/bda7594740fd40299423467b48e9ecf6,hopkins.arcgis
global,Lettland,1585077801000,2020-03-24T20:23:21+01:00,197,1,0,24.6032,56.8796,Coronavirus COVID-19 Global Cases by Johns Hopkins CSSE,https://www.arcgis.com/apps/opsdashboard/index.html#/bda7594740fd40299423467b48e9ecf6,hopkins.arcgis
global,Libanon,1585077801000,2020-03-24T20:23:21+01:00,318,8,4,35.8623,33.8547,Coronavirus COVID-19 Global Cases by Johns Hopkins CSSE,https://www.arcgis.com/apps/opsdashboard/index.html#/bda7594740fd40299423467b48e9ecf6,hopkins.arcgis
global,Liberia,1585077801000,2020-03-24T20:23:21+01:00,3,0,0,-9.429499,6.428055,Coronavirus COVID-19 Global Cases by Johns Hopkins CSSE,https://www.arcgis.com/apps/opsdashboard/index.html#/bda7594740fd40299423467b48e9ecf6,hopkins.arcgis
global,Liechtenstein,1585077801000,2020-03-24T20:23:21+01:00,51,0,0,9.55,47.14,Coronavirus COVID-19 Global Cases by Johns Hopkins CSSE,https://www.arcgis.com/apps/opsdashboard/index.html#/bda7594740fd40299423467b48e9ecf6,hopkins.arcgis
global,Litauen,1585077801000,2020-03-24T20:23:21+01:00,209,1,1,23.8813,55.1694,Coronavirus COVID-19 Global Cases by Johns Hopkins CSSE,https://www.arcgis.com/apps/opsdashboard/index.html#/bda7594740fd40299423467b48e9ecf6,hopkins.arcgis
global,Luxemburg,1585077801000,2020-03-24T20:23:21+01:00,1099,6,8,6.1296,49.8153,Coronavirus COVID-19 Global Cases by Johns Hopkins CSSE,https://www.arcgis.com/apps/opsdashboard/index.html#/bda7594740fd40299423467b48e9ecf6,hopkins.arcgis
global,Madagaskar,1585077801000,2020-03-24T20:23:21+01:00,17,0,0,46.869107,-18.766947,Coronavirus COVID-19 Global Cases by Johns Hopkins CSSE,https://www.arcgis.com/apps/opsdashboard/index.html#/bda7594740fd40299423467b48e9ecf6,hopkins.arcgis
global,Malaysia,1585077801000,2020-03-24T20:23:21+01:00,1624,183,16,101.975766,4.210484,Coronavirus COVID-19 Global Cases by Johns Hopkins CSSE,https://www.arcgis.com/apps/opsdashboard/index.html#/bda7594740fd40299423467b48e9ecf6,hopkins.arcgis
global,Malediven,1585077801000,2020-03-24T20:23:21+01:00,13,5,0,73.2207,3.2028,Coronavirus COVID-19 Global Cases by Johns Hopkins CSSE,https://www.arcgis.com/apps/opsdashboard/index.html#/bda7594740fd40299423467b48e9ecf6,hopkins.arcgis
global,Malta,1585077801000,2020-03-24T20:23:21+01:00,110,2,0,14.3754,35.9375,Coronavirus COVID-19 Global Cases by Johns Hopkins CSSE,https://www.arcgis.com/apps/opsdashboard/index.html#/bda7594740fd40299423467b48e9ecf6,hopkins.arcgis
global,Mauretanien,1585077801000,2020-03-24T20:23:21+01:00,2,0,0,-10.9408,21.0079,Coronavirus COVID-19 Global Cases by Johns Hopkins CSSE,https://www.arcgis.com/apps/opsdashboard/index.html#/bda7594740fd40299423467b48e9ecf6,hopkins.arcgis
global,Mauritius,1585077801000,2020-03-24T20:23:21+01:00,42,0,2,57.552152,-20.348404,Coronavirus COVID-19 Global Cases by Johns Hopkins CSSE,https://www.arcgis.com/apps/opsdashboard/index.html#/bda7594740fd40299423467b48e9ecf6,hopkins.arcgis
global,Mexiko,1585077801000,2020-03-24T20:23:21+01:00,367,4,4,-102.5528,23.6345,Coronavirus COVID-19 Global Cases by Johns Hopkins CSSE,https://www.arcgis.com/apps/opsdashboard/index.html#/bda7594740fd40299423467b48e9ecf6,hopkins.arcgis
global,Moldawien,1585077801000,2020-03-24T20:23:21+01:00,125,2,1,28.3699,47.4116,Coronavirus COVID-19 Global Cases by Johns Hopkins CSSE,https://www.arcgis.com/apps/opsdashboard/index.html#/bda7594740fd40299423467b48e9ecf6,hopkins.arcgis
global,Monaco,1585077801000,2020-03-24T20:23:21+01:00,23,1,0,7.4167,43.7333,Coronavirus COVID-19 Global Cases by Johns Hopkins CSSE,https://www.arcgis.com/apps/opsdashboard/index.html#/bda7594740fd40299423467b48e9ecf6,hopkins.arcgis
global,Mongolei,1585077801000,2020-03-24T20:23:21+01:00,10,0,0,103.8467,46.8625,Coronavirus COVID-19 Global Cases by Johns Hopkins CSSE,https://www.arcgis.com/apps/opsdashboard/index.html#/bda7594740fd40299423467b48e9ecf6,hopkins.arcgis
global,Montenegro,1585077801000,2020-03-24T20:23:21+01:00,47,0,1,19.37439,42.708678,Coronavirus COVID-19 Global Cases by Johns Hopkins CSSE,https://www.arcgis.com/apps/opsdashboard/index.html#/bda7594740fd40299423467b48e9ecf6,hopkins.arcgis
global,Marokko,1585077801000,2020-03-24T20:23:21+01:00,170,6,5,-7.0926,31.7917,Coronavirus COVID-19 Global Cases by Johns Hopkins CSSE,https://www.arcgis.com/apps/opsdashboard/index.html#/bda7594740fd40299423467b48e9ecf6,hopkins.arcgis
global,Mosambik,1585077801000,2020-03-24T20:23:21+01:00,3,0,0,35.529562,-18.665695,Coronavirus COVID-19 Global Cases by Johns Hopkins CSSE,https://www.arcgis.com/apps/opsdashboard/index.html#/bda7594740fd40299423467b48e9ecf6,hopkins.arcgis
global,Namibia,1585077801000,2020-03-24T20:23:21+01:00,6,2,0,18.4904,-22.9576,Coronavirus COVID-19 Global Cases by Johns Hopkins CSSE,https://www.arcgis.com/apps/opsdashboard/index.html#/bda7594740fd40299423467b48e9ecf6,hopkins.arcgis
global,Nepal,1585077801000,2020-03-24T20:23:21+01:00,2,1,0,84.25,28.1667,Coronavirus COVID-19 Global Cases by Johns Hopkins CSSE,https://www.arcgis.com/apps/opsdashboard/index.html#/bda7594740fd40299423467b48e9ecf6,hopkins.arcgis
global,Niederlande,1585077801000,2020-03-24T20:23:21+01:00,5560,2,276,5.2913,52.1326,Coronavirus COVID-19 Global Cases by Johns Hopkins CSSE,https://www.arcgis.com/apps/opsdashboard/index.html#/bda7594740fd40299423467b48e9ecf6,hopkins.arcgis
global,Neuseeland,1585077801000,2020-03-24T20:23:21+01:00,155,12,0,174.886,-40.9006,Coronavirus COVID-19 Global Cases by Johns Hopkins CSSE,https://www.arcgis.com/apps/opsdashboard/index.html#/bda7594740fd40299423467b48e9ecf6,hopkins.arcgis
global,Nicaragua,1585077801000,2020-03-24T20:23:21+01:00,2,0,0,-85.207229,12.865416,Coronavirus COVID-19 Global Cases by Johns Hopkins CSSE,https://www.arcgis.com/apps/opsdashboard/index.html#/bda7594740fd40299423467b48e9ecf6,hopkins.arcgis
global,Niger,1585077801000,2020-03-24T20:23:21+01:00,3,0,0,8.081666,17.607789,Coronavirus COVID-19 Global Cases by Johns Hopkins CSSE,https://www.arcgis.com/apps/opsdashboard/index.html#/bda7594740fd40299423467b48e9ecf6,hopkins.arcgis
global,Nigeria,1585077801000,2020-03-24T20:23:21+01:00,44,2,1,8.6753,9.082,Coronavirus COVID-19 Global Cases by Johns Hopkins CSSE,https://www.arcgis.com/apps/opsdashboard/index.html#/bda7594740fd40299423467b48e9ecf6,hopkins.arcgis
global,Nordmazedonien,1585077801000,2020-03-24T20:23:21+01:00,148,1,2,21.7453,41.6086,Coronavirus COVID-19 Global Cases by Johns Hopkins CSSE,https://www.arcgis.com/apps/opsdashboard/index.html#/bda7594740fd40299423467b48e9ecf6,hopkins.arcgis
global,Norwegen,1585077801000,2020-03-24T20:23:21+01:00,2779,6,12,8.4689,60.472,Coronavirus COVID-19 Global Cases by Johns Hopkins CSSE,https://www.arcgis.com/apps/opsdashboard/index.html#/bda7594740fd40299423467b48e9ecf6,hopkins.arcgis
global,Argentinien,1585077801000,2020-03-24T20:23:21+01:00,301,52,6,-63.6167,-38.4161,Coronavirus COVID-19 Global Cases by Johns Hopkins CSSE,https://www.arcgis.com/apps/opsdashboard/index.html#/bda7594740fd40299423467b48e9ecf6,hopkins.arcgis
global,Pakistan,1585077801000,2020-03-24T20:23:21+01:00,972,18,7,69.3451,30.3753,Coronavirus COVID-19 Global Cases by Johns Hopkins CSSE,https://www.arcgis.com/apps/opsdashboard/index.html#/bda7594740fd40299423467b48e9ecf6,hopkins.arcgis
global,Panama,1585077801000,2020-03-24T20:23:21+01:00,345,1,6,-80.7821,8.538,Coronavirus COVID-19 Global Cases by Johns Hopkins CSSE,https://www.arcgis.com/apps/opsdashboard/index.html#/bda7594740fd40299423467b48e9ecf6,hopkins.arcgis
global,Papua-Neuguinea,1585077801000,2020-03-24T20:23:21+01:00,1,0,0,143.95555,-6.314993,Coronavirus COVID-19 Global Cases by Johns Hopkins CSSE,https://www.arcgis.com/apps/opsdashboard/index.html#/bda7594740fd40299423467b48e9ecf6,hopkins.arcgis
global,Paraguay,1585077801000,2020-03-24T20:23:21+01:00,27,0,2,-58.4438,-23.4425,Coronavirus COVID-19 Global Cases by Johns Hopkins CSSE,https://www.arcgis.com/apps/opsdashboard/index.html#/bda7594740fd40299423467b48e9ecf6,hopkins.arcgis
global,Peru,1585077801000,2020-03-24T20:23:21+01:00,416,1,7,-75.0152,-9.19,Coronavirus COVID-19 Global Cases by Johns Hopkins CSSE,https://www.arcgis.com/apps/opsdashboard/index.html#/bda7594740fd40299423467b48e9ecf6,hopkins.arcgis
global,Philippinen,1585077801000,2020-03-24T20:23:21+01:00,552,20,35,121.774017,12.879721,Coronavirus COVID-19 Global Cases by Johns Hopkins CSSE,https://www.arcgis.com/apps/opsdashboard/index.html#/bda7594740fd40299423467b48e9ecf6,hopkins.arcgis
global,Polen,1585077801000,2020-03-24T20:23:21+01:00,884,1,10,19.1451,51.9194,Coronavirus COVID-19 Global Cases by Johns Hopkins CSSE,https://www.arcgis.com/apps/opsdashboard/index.html#/bda7594740fd40299423467b48e9ecf6,hopkins.arcgis
global,Portugal,1585077801000,2020-03-24T20:23:21+01:00,2362,22,33,-8.2245,39.3999,Coronavirus COVID-19 Global Cases by Johns Hopkins CSSE,https://www.arcgis.com/apps/opsdashboard/index.html#/bda7594740fd40299423467b48e9ecf6,hopkins.arcgis
global,Katar,1585077801000,2020-03-24T20:23:21+01:00,526,41,0,51.1839,25.3548,Coronavirus COVID-19 Global Cases by Johns Hopkins CSSE,https://www.arcgis.com/apps/opsdashboard/index.html#/bda7594740fd40299423467b48e9ecf6,hopkins.arcgis
global,Rumänien,1585077801000,2020-03-24T20:23:21+01:00,762,79,8,24.9668,45.9432,Coronavirus COVID-19 Global Cases by Johns Hopkins CSSE,https://www.arcgis.com/apps/opsdashboard/index.html#/bda7594740fd40299423467b48e9ecf6,hopkins.arcgis
global,Russland,1585077801000,2020-03-24T20:23:21+01:00,495,22,1,105.318756,61.52401,Coronavirus COVID-19 Global Cases by Johns Hopkins CSSE,https://www.arcgis.com/apps/opsdashboard/index.html#/bda7594740fd40299423467b48e9ecf6,hopkins.arcgis
global,Ruanda,1585077801000,2020-03-24T20:23:21+01:00,36,0,0,29.8739,-1.9403,Coronavirus COVID-19 Global Cases by Johns Hopkins CSSE,https://www.arcgis.com/apps/opsdashboard/index.html#/bda7594740fd40299423467b48e9ecf6,hopkins.arcgis
global,St. Lucia,1585077801000,2020-03-24T20:23:21+01:00,3,0,0,-60.9789,13.9094,Coronavirus COVID-19 Global Cases by Johns Hopkins CSSE,https://www.arcgis.com/apps/opsdashboard/index.html#/bda7594740fd40299423467b48e9ecf6,hopkins.arcgis
global,St. Vincent und die Grenadinen,1585077801000,2020-03-24T20:23:21+01:00,1,0,0,-61.2872,12.9843,Coronavirus COVID-19 Global Cases by Johns Hopkins CSSE,https://www.arcgis.com/apps/opsdashboard/index.html#/bda7594740fd40299423467b48e9ecf6,hopkins.arcgis
global,San Marino,1585077801000,2020-03-24T20:23:21+01:00,187,4,21,12.4578,43.9424,Coronavirus COVID-19 Global Cases by Johns Hopkins CSSE,https://www.arcgis.com/apps/opsdashboard/index.html#/bda7594740fd40299423467b48e9ecf6,hopkins.arcgis
global,Saudiarabien,1585077801000,2020-03-24T20:23:21+01:00,767,28,1,45.079162,23.885942,Coronavirus COVID-19 Global Cases by Johns Hopkins CSSE,https://www.arcgis.com/apps/opsdashboard/index.html#/bda7594740fd40299423467b48e9ecf6,hopkins.arcgis
global,Senegal,1585077801000,2020-03-24T20:23:21+01:00,86,8,0,-14.4524,14.4974,Coronavirus COVID-19 Global Cases by Johns Hopkins CSSE,https://www.arcgis.com/apps/opsdashboard/index.html#/bda7594740fd40299423467b48e9ecf6,hopkins.arcgis
global,Serbien,1585077801000,2020-03-24T20:23:21+01:00,303,15,3,21.0059,44.0165,Coronavirus COVID-19 Global Cases by Johns Hopkins CSSE,https://www.arcgis.com/apps/opsdashboard/index.html#/bda7594740fd40299423467b48e9ecf6,hopkins.arcgis
global,Seychellen,1585077801000,2020-03-24T20:23:21+01:00,7,0,0,55.492,-4.6796,Coronavirus COVID-19 Global Cases by Johns Hopkins CSSE,https://www.arcgis.com/apps/opsdashboard/index.html#/bda7594740fd40299423467b48e9ecf6,hopkins.arcgis
global,Singapur,1585077801000,2020-03-24T20:23:21+01:00,558,156,2,103.8333,1.2833,Coronavirus COVID-19 Global Cases by Johns Hopkins CSSE,https://www.arcgis.com/apps/opsdashboard/index.html#/bda7594740fd40299423467b48e9ecf6,hopkins.arcgis
global,Slowakei,1585077801000,2020-03-24T20:23:21+01:00,204,7,0,19.699,48.669,Coronavirus COVID-19 Global Cases by Johns Hopkins CSSE,https://www.arcgis.com/apps/opsdashboard/index.html#/bda7594740fd40299423467b48e9ecf6,hopkins.arcgis
global,Slowenien,1585077801000,2020-03-24T20:23:21+01:00,480,3,4,14.9955,46.1512,Coronavirus COVID-19 Global Cases by Johns Hopkins CSSE,https://www.arcgis.com/apps/opsdashboard/index.html#/bda7594740fd40299423467b48e9ecf6,hopkins.arcgis
global,Somalia,1585077801000,2020-03-24T20:23:21+01:00,1,0,0,46.199616,5.152149,Coronavirus COVID-19 Global Cases by Johns Hopkins CSSE,https://www.arcgis.com/apps/opsdashboard/index.html#/bda7594740fd40299423467b48e9ecf6,hopkins.arcgis
global,Südafrika,1585077801000,2020-03-24T20:23:21+01:00,554,4,0,22.9375,-30.5595,Coronavirus COVID-19 Global Cases by Johns Hopkins CSSE,https://www.arcgis.com/apps/opsdashboard/index.html#/bda7594740fd40299423467b48e9ecf6,hopkins.arcgis
global,Spanien,1585077801000,2020-03-24T20:23:21+01:00,39676,3794,2800,-3.74922,40.463667,Coronavirus COVID-19 Global Cases by Johns Hopkins CSSE,https://www.arcgis.com/apps/opsdashboard/index.html#/bda7594740fd40299423467b48e9ecf6,hopkins.arcgis
global,Sri Lanka,1585077801000,2020-03-24T20:23:21+01:00,102,2,0,80.771797,7.873054,Coronavirus COVID-19 Global Cases by Johns Hopkins CSSE,https://www.arcgis.com/apps/opsdashboard/index.html#/bda7594740fd40299423467b48e9ecf6,hopkins.arcgis
global,Sudan,1585077801000,2020-03-24T20:23:21+01:00,3,0,1,30.2176,12.8628,Coronavirus COVID-19 Global Cases by Johns Hopkins CSSE,https://www.arcgis.com/apps/opsdashboard/index.html#/bda7594740fd40299423467b48e9ecf6,hopkins.arcgis
global,Suriname,1585077801000,2020-03-24T20:23:21+01:00,6,0,0,-56.0278,3.9193,Coronavirus COVID-19 Global Cases by Johns Hopkins CSSE,https://www.arcgis.com/apps/opsdashboard/index.html#/bda7594740fd40299423467b48e9ecf6,hopkins.arcgis
global,Schweden,1585077801000,2020-03-24T20:23:21+01:00,2286,16,36,18.643501,60.128161,Coronavirus COVID-19 Global Cases by Johns Hopkins CSSE,https://www.arcgis.com/apps/opsdashboard/index.html#/bda7594740fd40299423467b48e9ecf6,hopkins.arcgis
global,Schweiz,1585077801000,2020-03-24T20:23:21+01:00,9877,131,122,8.2275,46.8182,Coronavirus COVID-19 Global Cases by Johns Hopkins CSSE,https://www.arcgis.com/apps/opsdashboard/index.html#/bda7594740fd40299423467b48e9ecf6,hopkins.arcgis
global,Syrien,1585077801000,2020-03-24T20:23:21+01:00,1,0,0,38.996815,34.802075,Coronavirus COVID-19 Global Cases by Johns Hopkins CSSE,https://www.arcgis.com/apps/opsdashboard/index.html#/bda7594740fd40299423467b48e9ecf6,hopkins.arcgis
Großbritannien,Bermuda,1585077801000,2020-03-24T20:23:21+01:00,6,0,0,-64.7505,32.3078,Coronavirus COVID-19 Global Cases by Johns Hopkins CSSE,https://www.arcgis.com/apps/opsdashboard/index.html#/bda7594740fd40299423467b48e9ecf6,hopkins.arcgis
global,Tansania,1585077801000,2020-03-24T20:23:21+01:00,12,0,0,34.888822,-6.369028,Coronavirus COVID-19 Global Cases by Johns Hopkins CSSE,https://www.arcgis.com/apps/opsdashboard/index.html#/bda7594740fd40299423467b48e9ecf6,hopkins.arcgis
global,Thailand,1585077801000,2020-03-24T20:23:21+01:00,827,52,4,100.992541,15.870032,Coronavirus COVID-19 Global Cases by Johns Hopkins CSSE,https://www.arcgis.com/apps/opsdashboard/index.html#/bda7594740fd40299423467b48e9ecf6,hopkins.arcgis
global,Osttimor,1585077801000,2020-03-24T20:23:21+01:00,1,0,0,125.727539,-8.874217,Coronavirus COVID-19 Global Cases by Johns Hopkins CSSE,https://www.arcgis.com/apps/opsdashboard/index.html#/bda7594740fd40299423467b48e9ecf6,hopkins.arcgis
global,Togo,1585077801000,2020-03-24T20:23:21+01:00,20,1,0,0.8248,8.6195,Coronavirus COVID-19 Global Cases by Johns Hopkins CSSE,https://www.arcgis.com/apps/opsdashboard/index.html#/bda7594740fd40299423467b48e9ecf6,hopkins.arcgis
global,Trinidad und Tobago,1585077801000,2020-03-24T20:23:21+01:00,53,0,0,-61.2225,10.6918,Coronavirus COVID-19 Global Cases by Johns Hopkins CSSE,https://www.arcgis.com/apps/opsdashboard/index.html#/bda7594740fd40299423467b48e9ecf6,hopkins.arcgis
global,Tunesien,1585077801000,2020-03-24T20:23:21+01:00,114,1,3,9.537499,33.886917,Coronavirus COVID-19 Global Cases by Johns Hopkins CSSE,https://www.arcgis.com/apps/opsdashboard/index.html#/bda7594740fd40299423467b48e9ecf6,hopkins.arcgis
global,Türkei,1585077801000,2020-03-24T20:23:21+01:00,1529,0,37,35.2433,38.9637,Coronavirus COVID-19 Global Cases by Johns Hopkins CSSE,https://www.arcgis.com/apps/opsdashboard/index.html#/bda7594740fd40299423467b48e9ecf6,hopkins.arcgis
global,Uganda,1585077801000,2020-03-24T20:23:21+01:00,9,0,0,32.290275,1.373333,Coronavirus COVID-19 Global Cases by Johns Hopkins CSSE,https://www.arcgis.com/apps/opsdashboard/index.html#/bda7594740fd40299423467b48e9ecf6,hopkins.arcgis
global,Ukraine,1585077801000,2020-03-24T20:23:21+01:00,97,1,3,31.1656,48.3794,Coronavirus COVID-19 Global Cases by Johns Hopkins CSSE,https://www.arcgis.com/apps/opsdashboard/index.html#/bda7594740fd40299423467b48e9ecf6,hopkins.arcgis
global,Vereinigte Arabische Emirate,1585077801000,2020-03-24T20:23:21+01:00,248,45,2,53.847818,23.424076,Coronavirus COVID-19 Global Cases by Johns Hopkins CSSE,https://www.arcgis.com/apps/opsdashboard/index.html#/bda7594740fd40299423467b48e9ecf6,hopkins.arcgis
global,Großbritannien,1585077801000,2020-03-24T20:23:21+01:00,8077,135,422,-3.436,55.3781,Coronavirus COVID-19 Global Cases by Johns Hopkins CSSE,https://www.arcgis.com/apps/opsdashboard/index.html#/bda7594740fd40299423467b48e9ecf6,hopkins.arcgis
global,Uruguay,1585077801000,2020-03-24T20:23:21+01:00,162,0,0,-55.7658,-32.5228,Coronavirus COVID-19 Global Cases by Johns Hopkins CSSE,https://www.arcgis.com/apps/opsdashboard/index.html#/bda7594740fd40299423467b48e9ecf6,hopkins.arcgis
global,Usbekistan,1585077801000,2020-03-24T20:23:21+01:00,50,0,0,64.585262,41.377491,Coronavirus COVID-19 Global Cases by Johns Hopkins CSSE,https://www.arcgis.com/apps/opsdashboard/index.html#/bda7594740fd40299423467b48e9ecf6,hopkins.arcgis
global,Venezuela,1585077801000,2020-03-24T20:23:21+01:00,84,15,0,-66.5897,6.4238,Coronavirus COVID-19 Global Cases by Johns Hopkins CSSE,https://www.arcgis.com/apps/opsdashboard/index.html#/bda7594740fd40299423467b48e9ecf6,hopkins.arcgis
global,Vietnam,1585077801000,2020-03-24T20:23:21+01:00,134,17,0,108.277199,14.058324,Coronavirus COVID-19 Global Cases by Johns Hopkins CSSE,https://www.arcgis.com/apps/opsdashboard/index.html#/bda7594740fd40299423467b48e9ecf6,hopkins.arcgis
global,Sambia,1585077801000,2020-03-24T20:23:21+01:00,3,0,0,27.849332,-13.133897,Coronavirus COVID-19 Global Cases by Johns Hopkins CSSE,https://www.arcgis.com/apps/opsdashboard/index.html#/bda7594740fd40299423467b48e9ecf6,hopkins.arcgis
global,Simbabwe,1585077801000,2020-03-24T20:23:21+01:00,3,0,1,29.154857,-19.015438,Coronavirus COVID-19 Global Cases by Johns Hopkins CSSE,https://www.arcgis.com/apps/opsdashboard/index.html#/bda7594740fd40299423467b48e9ecf6,hopkins.arcgis
global,Angola,1585077801000,2020-03-24T20:23:21+01:00,3,0,0,17.8739,-11.2027,Coronavirus COVID-19 Global Cases by Johns Hopkins CSSE,https://www.arcgis.com/apps/opsdashboard/index.html#/bda7594740fd40299423467b48e9ecf6,hopkins.arcgis
global,Andorra,1585077801000,2020-03-24T20:23:21+01:00,164,1,1,1.5218,42.5063,Coronavirus COVID-19 Global Cases by Johns Hopkins CSSE,https://www.arcgis.com/apps/opsdashboard/index.html#/bda7594740fd40299423467b48e9ecf6,hopkins.arcgis
global,Algerien,1585077801000,2020-03-24T20:23:21+01:00,264,24,19,1.6596,28.0339,Coronavirus COVID-19 Global Cases by Johns Hopkins CSSE,https://www.arcgis.com/apps/opsdashboard/index.html#/bda7594740fd40299423467b48e9ecf6,hopkins.arcgis
global,Albanien,1585077801000,2020-03-24T20:23:21+01:00,123,10,5,20.1683,41.1533,Coronavirus COVID-19 Global Cases by Johns Hopkins CSSE,https://www.arcgis.com/apps/opsdashboard/index.html#/bda7594740fd40299423467b48e9ecf6,hopkins.arcgis
global,Afghanistan,1585077801000,2020-03-24T20:23:21+01:00,74,1,1,67.709953,33.93911,Coronavirus COVID-19 Global Cases by Johns Hopkins CSSE,https://www.arcgis.com/apps/opsdashboard/index.html#/bda7594740fd40299423467b48e9ecf6,hopkins.arcgis
Großbritannien,Kaimaninseln,1585077801000,2020-03-24T20:23:21+01:00,6,0,1,-81.2546,19.3133,Coronavirus COVID-19 Global Cases by Johns Hopkins CSSE,https://www.arcgis.com/apps/opsdashboard/index.html#/bda7594740fd40299423467b48e9ecf6,hopkins.arcgis
Großbritannien,Kanalinseln,1585077801000,2020-03-24T20:23:21+01:00,36,0,0,-2.3644,49.3723,Coronavirus COVID-19 Global Cases by Johns Hopkins CSSE,https://www.arcgis.com/apps/opsdashboard/index.html#/bda7594740fd40299423467b48e9ecf6,hopkins.arcgis
Niederlande,Curaçao,1585077801000,2020-03-24T20:23:21+01:00,4,0,1,-68.99,12.1696,Coronavirus COVID-19 Global Cases by Johns Hopkins CSSE,https://www.arcgis.com/apps/opsdashboard/index.html#/bda7594740fd40299423467b48e9ecf6,hopkins.arcgis
Dänemark,Färöer,1585077801000,2020-03-24T20:23:21+01:00,122,23,0,-6.9118,61.8926,Coronavirus COVID-19 Global Cases by Johns Hopkins CSSE,https://www.arcgis.com/apps/opsdashboard/index.html#/bda7594740fd40299423467b48e9ecf6,hopkins.arcgis
Frankreich,Französisch-Guyana,1585077801000,2020-03-24T20:23:21+01:00,23,6,0,-53,4,Coronavirus COVID-19 Global Cases by Johns Hopkins CSSE,https://www.arcgis.com/apps/opsdashboard/index.html#/bda7594740fd40299423467b48e9ecf6,hopkins.arcgis
Frankreich,Saint Martin,1585077801000,2020-03-24T20:23:21+01:00,8,0,0,-63.0501,18.0708,Coronavirus COVID-19 Global Cases by Johns Hopkins CSSE,https://www.arcgis.com/apps/opsdashboard/index.html#/bda7594740fd40299423467b48e9ecf6,hopkins.arcgis
Niederlande,Sint Maarten,1585077801000,2020-03-24T20:23:21+01:00,2,0,0,-63.0548,18.0425,Coronavirus COVID-19 Global Cases by Johns Hopkins CSSE,https://www.arcgis.com/apps/opsdashboard/index.html#/bda7594740fd40299423467b48e9ecf6,hopkins.arcgis
Frankreich,Französisch-Polynesien,1585077801000,2020-03-24T20:23:21+01:00,23,0,0,-149.4068,-17.6797,Coronavirus COVID-19 Global Cases by Johns Hopkins CSSE,https://www.arcgis.com/apps/opsdashboard/index.html#/bda7594740fd40299423467b48e9ecf6,hopkins.arcgis
Großbritannien,Gibraltar,1585077801000,2020-03-24T20:23:21+01:00,15,5,0,-5.3536,36.1408,Coronavirus COVID-19 Global Cases by Johns Hopkins CSSE,https://www.arcgis.com/apps/opsdashboard/index.html#/bda7594740fd40299423467b48e9ecf6,hopkins.arcgis
Dänemark,Grönland,1585077801000,2020-03-24T20:23:21+01:00,5,2,0,-42.6043,71.7069,Coronavirus COVID-19 Global Cases by Johns Hopkins CSSE,https://www.arcgis.com/apps/opsdashboard/index.html#/bda7594740fd40299423467b48e9ecf6,hopkins.arcgis
Frankreich,Guadeloupe,1585077801000,2020-03-24T20:23:21+01:00,62,0,1,-61.551,16.265,Coronavirus COVID-19 Global Cases by Johns Hopkins CSSE,https://www.arcgis.com/apps/opsdashboard/index.html#/bda7594740fd40299423467b48e9ecf6,hopkins.arcgis
Großbritannien,Isle of Man,1585077801000,2020-03-24T20:23:21+01:00,23,0,0,-4.5481,54.2361,Coronavirus COVID-19 Global Cases by Johns Hopkins CSSE,https://www.arcgis.com/apps/opsdashboard/index.html#/bda7594740fd40299423467b48e9ecf6,hopkins.arcgis
Frankreich,Saint Barthélemy,1585077801000,2020-03-24T20:23:21+01:00,3,0,0,-62.8333,17.9,Coronavirus COVID-19 Global Cases by Johns Hopkins CSSE,https://www.arcgis.com/apps/opsdashboard/index.html#/bda7594740fd40299423467b48e9ecf6,hopkins.arcgis
Frankreich,Réunion,1585077801000,2020-03-24T20:23:21+01:00,83,1,0,55.5364,-21.1151,Coronavirus COVID-19 Global Cases by Johns Hopkins CSSE,https://www.arcgis.com/apps/opsdashboard/index.html#/bda7594740fd40299423467b48e9ecf6,hopkins.arcgis
Frankreich,Martinique,1585077801000,2020-03-24T20:23:21+01:00,53,0,1,-61.0242,14.6415,Coronavirus COVID-19 Global Cases by Johns Hopkins CSSE,https://www.arcgis.com/apps/opsdashboard/index.html#/bda7594740fd40299423467b48e9ecf6,hopkins.arcgis
Frankreich,Mayotte,1585077801000,2020-03-24T20:23:21+01:00,36,0,0,45.166244,-12.8275,Coronavirus COVID-19 Global Cases by Johns Hopkins CSSE,https://www.arcgis.com/apps/opsdashboard/index.html#/bda7594740fd40299423467b48e9ecf6,hopkins.arcgis
Frankreich,Neukaledonien,1585077801000,2020-03-24T20:23:21+01:00,10,0,0,165.618042,-20.904305,Coronavirus COVID-19 Global Cases by Johns Hopkins CSSE,https://www.arcgis.com/apps/opsdashboard/index.html#/bda7594740fd40299423467b48e9ecf6,hopkins.arcgis
Großbritannien,Montserrat,1585077801000,2020-03-24T20:23:21+01:00,1,0,0,-62.187366,16.742498,Coronavirus COVID-19 Global Cases by Johns Hopkins CSSE,https://www.arcgis.com/apps/opsdashboard/index.html#/bda7594740fd40299423467b48e9ecf6,hopkins.arcgis
global,Italien,1585077801000,2020-03-24T20:23:21+01:00,69176,8326,6820,12.56738,41.87194,Coronavirus COVID-19 Global Cases by Johns Hopkins CSSE,https://www.arcgis.com/apps/opsdashboard/index.html#/bda7594740fd40299423467b48e9ecf6,hopkins.arcgis
China,Tianjin,1585059381000,2020-03-24T15:16:21+01:00,145,133,3,117.323,39.3054,Coronavirus COVID-19 Global Cases by Johns Hopkins CSSE,https://www.arcgis.com/apps/opsdashboard/index.html#/bda7594740fd40299423467b48e9ecf6,hopkins.arcgis
China,Gansu,1585058358000,2020-03-24T14:59:18+01:00,136,119,2,101.0583,37.8099,Coronavirus COVID-19 Global Cases by Johns Hopkins CSSE,https://www.arcgis.com/apps/opsdashboard/index.html#/bda7594740fd40299423467b48e9ecf6,hopkins.arcgis
China,Hubei (Wuhan),1585054977000,2020-03-24T14:02:57+01:00,67801,60324,3160,112.2707,30.9756,Coronavirus COVID-19 Global Cases by Johns Hopkins CSSE,https://www.arcgis.com/apps/opsdashboard/index.html#/bda7594740fd40299423467b48e9ecf6,hopkins.arcgis
China,Hong Kong,1585040981000,2020-03-24T10:09:41+01:00,386,101,4,114.2,22.3,Coronavirus COVID-19 Global Cases by Johns Hopkins CSSE,https://www.arcgis.com/apps/opsdashboard/index.html#/bda7594740fd40299423467b48e9ecf6,hopkins.arcgis
China,Shanghai,1585037118000,2020-03-24T09:05:18+01:00,414,330,4,121.4491,31.202,Coronavirus COVID-19 Global Cases by Johns Hopkins CSSE,https://www.arcgis.com/apps/opsdashboard/index.html#/bda7594740fd40299423467b48e9ecf6,hopkins.arcgis
global,Taiwan,1585035501000,2020-03-24T08:38:21+01:00,215,29,2,121,23.7,Coronavirus COVID-19 Global Cases by Johns Hopkins CSSE,https://www.arcgis.com/apps/opsdashboard/index.html#/bda7594740fd40299423467b48e9ecf6,hopkins.arcgis
China,Peking (Beijing),1585034423000,2020-03-24T08:20:23+01:00,558,401,8,116.4142,40.1824,Coronavirus COVID-19 Global Cases by Johns Hopkins CSSE,https://www.arcgis.com/apps/opsdashboard/index.html#/bda7594740fd40299423467b48e9ecf6,hopkins.arcgis
China,Hainan,1585024155000,2020-03-24T05:29:15+01:00,168,168,6,109.7453,19.1959,Coronavirus COVID-19 Global Cases by Johns Hopkins CSSE,https://www.arcgis.com/apps/opsdashboard/index.html#/bda7594740fd40299423467b48e9ecf6,hopkins.arcgis
China,Macau,1585020655000,2020-03-24T04:30:55+01:00,25,10,0,113.55,22.1667,Coronavirus COVID-19 Global Cases by Johns Hopkins CSSE,https://www.arcgis.com/apps/opsdashboard/index.html#/bda7594740fd40299423467b48e9ecf6,hopkins.arcgis
China,Jiangsu,1585020655000,2020-03-24T04:30:55+01:00,636,631,0,119.455,32.9711,Coronavirus COVID-19 Global Cases by Johns Hopkins CSSE,https://www.arcgis.com/apps/opsdashboard/index.html#/bda7594740fd40299423467b48e9ecf6,hopkins.arcgis
China,Zhejiang,1585020655000,2020-03-24T04:30:55+01:00,1240,1221,1,120.0934,29.1832,Coronavirus COVID-19 Global Cases by Johns Hopkins CSSE,https://www.arcgis.com/apps/opsdashboard/index.html#/bda7594740fd40299423467b48e9ecf6,hopkins.arcgis
China,Shaanxi,1585017577000,2020-03-24T03:39:37+01:00,249,240,3,108.8701,35.1917,Coronavirus COVID-19 Global Cases by Johns Hopkins CSSE,https://www.arcgis.com/apps/opsdashboard/index.html#/bda7594740fd40299423467b48e9ecf6,hopkins.arcgis
China,Guangdong,1585015703000,2020-03-24T03:08:23+01:00,1428,1333,8,113.4244,23.3417,Coronavirus COVID-19 Global Cases by Johns Hopkins CSSE,https://www.arcgis.com/apps/opsdashboard/index.html#/bda7594740fd40299423467b48e9ecf6,hopkins.arcgis
China,Fujian,1585013228000,2020-03-24T02:27:08+01:00,318,295,1,117.9874,26.0789,Coronavirus COVID-19 Global Cases by Johns Hopkins CSSE,https://www.arcgis.com/apps/opsdashboard/index.html#/bda7594740fd40299423467b48e9ecf6,hopkins.arcgis
China,Sichuan,1585013228000,2020-03-24T02:27:08+01:00,545,536,3,102.7103,30.6171,Coronavirus COVID-19 Global Cases by Johns Hopkins CSSE,https://www.arcgis.com/apps/opsdashboard/index.html#/bda7594740fd40299423467b48e9ecf6,hopkins.arcgis
China,Heilongjiang,1585008620000,2020-03-24T01:10:20+01:00,484,468,13,127.7615,47.862,Coronavirus COVID-19 Global Cases by Johns Hopkins CSSE,https://www.arcgis.com/apps/opsdashboard/index.html#/bda7594740fd40299423467b48e9ecf6,hopkins.arcgis
China,Chongqing,1585006478000,2020-03-24T00:34:38+01:00,578,570,6,107.874,30.0572,Coronavirus COVID-19 Global Cases by Johns Hopkins CSSE,https://www.arcgis.com/apps/opsdashboard/index.html#/bda7594740fd40299423467b48e9ecf6,hopkins.arcgis
China,Shanxi,1585005943000,2020-03-24T00:25:43+01:00,134,133,0,112.2922,37.5777,Coronavirus COVID-19 Global Cases by Johns Hopkins CSSE,https://www.arcgis.com/apps/opsdashboard/index.html#/bda7594740fd40299423467b48e9ecf6,hopkins.arcgis
China,Shandong,1584959175000,2020-03-23T11:26:15+01:00,768,752,7,118.1498,36.3427,Coronavirus COVID-19 Global Cases by Johns Hopkins CSSE,https://www.arcgis.com/apps/opsdashboard/index.html#/bda7594740fd40299423467b48e9ecf6,hopkins.arcgis
China,Hebei,1584928415000,2020-03-23T02:53:35+01:00,319,310,6,116.1306,39.549,Coronavirus COVID-19 Global Cases by Johns Hopkins CSSE,https://www.arcgis.com/apps/opsdashboard/index.html#/bda7594740fd40299423467b48e9ecf6,hopkins.arcgis
China,Jiangxi,1584926821000,2020-03-23T02:27:01+01:00,936,934,1,115.7221,27.614,Coronavirus COVID-19 Global Cases by Johns Hopkins CSSE,https://www.arcgis.com/apps/opsdashboard/index.html#/bda7594740fd40299423467b48e9ecf6,hopkins.arcgis
China,Henan,1584925894000,2020-03-23T02:11:34+01:00,1274,1250,22,113.614,33.882,Coronavirus COVID-19 Global Cases by Johns Hopkins CSSE,https://www.arcgis.com/apps/opsdashboard/index.html#/bda7594740fd40299423467b48e9ecf6,hopkins.arcgis
China,Liaoning,1584924888000,2020-03-23T01:54:48+01:00,127,124,2,122.6085,41.2956,Coronavirus COVID-19 Global Cases by Johns Hopkins CSSE,https://www.arcgis.com/apps/opsdashboard/index.html#/bda7594740fd40299423467b48e9ecf6,hopkins.arcgis
China,Guangxi,1584678825000,2020-03-20T05:33:45+01:00,254,250,2,108.7881,23.8298,Coronavirus COVID-19 Global Cases by Johns Hopkins CSSE,https://www.arcgis.com/apps/opsdashboard/index.html#/bda7594740fd40299423467b48e9ecf6,hopkins.arcgis
China,Innere Mongolei,1584576991000,2020-03-19T01:16:31+01:00,75,74,1,113.9448,44.0935,Coronavirus COVID-19 Global Cases by Johns Hopkins CSSE,https://www.arcgis.com/apps/opsdashboard/index.html#/bda7594740fd40299423467b48e9ecf6,hopkins.arcgis
China,Guizhou,1584495463000,2020-03-18T02:37:43+01:00,146,144,2,106.8748,26.8154,Coronavirus COVID-19 Global Cases by Johns Hopkins CSSE,https://www.arcgis.com/apps/opsdashboard/index.html#/bda7594740fd40299423467b48e9ecf6,hopkins.arcgis
China,Yunnan,1584401838000,2020-03-17T00:37:18+01:00,176,172,2,101.487,24.974,Coronavirus COVID-19 Global Cases by Johns Hopkins CSSE,https://www.arcgis.com/apps/opsdashboard/index.html#/bda7594740fd40299423467b48e9ecf6,hopkins.arcgis
China,Ningxia,1584348425000,2020-03-16T09:47:05+01:00,75,75,0,106.1655,37.2692,Coronavirus COVID-19 Global Cases by Johns Hopkins CSSE,https://www.arcgis.com/apps/opsdashboard/index.html#/bda7594740fd40299423467b48e9ecf6,hopkins.arcgis
China,Hunan,1584174305000,2020-03-14T09:25:05+01:00,1018,1014,4,111.7088,27.6104,Coronavirus COVID-19 Global Cases by Johns Hopkins CSSE,https://www.arcgis.com/apps/opsdashboard/index.html#/bda7594740fd40299423467b48e9ecf6,hopkins.arcgis
China,Jilin,1584017674000,2020-03-12T13:54:34+01:00,93,92,1,126.1923,43.6661,Coronavirus COVID-19 Global Cases by Johns Hopkins CSSE,https://www.arcgis.com/apps/opsdashboard/index.html#/bda7594740fd40299423467b48e9ecf6,hopkins.arcgis
China,Xinjiang,1583645462000,2020-03-08T06:31:02+01:00,76,73,3,85.2401,41.1129,Coronavirus COVID-19 Global Cases by Johns Hopkins CSSE,https://www.arcgis.com/apps/opsdashboard/index.html#/bda7594740fd40299423467b48e9ecf6,hopkins.arcgis
China,Anhui,1583644741000,2020-03-08T06:19:01+01:00,990,984,6,117.2264,31.8257,Coronavirus COVID-19 Global Cases by Johns Hopkins CSSE,https://www.arcgis.com/apps/opsdashboard/index.html#/bda7594740fd40299423467b48e9ecf6,hopkins.arcgis
China,Tibet,1582456742000,2020-02-23T12:19:02+01:00,1,1,0,88.0924,31.6927,Coronavirus COVID-19 Global Cases by Johns Hopkins CSSE,https://www.arcgis.com/apps/opsdashboard/index.html#/bda7594740fd40299423467b48e9ecf6,hopkins.arcgis
China,Qinghai,1582456742000,2020-02-23T12:19:02+01:00,18,18,0,95.9956,35.7452,Coronavirus COVID-19 Global Cases by Johns Hopkins CSSE,https://www.arcgis.com/apps/opsdashboard/index.html#/bda7594740fd40299423467b48e9ecf6,hopkins.arcgis
Deutschland,Baden-Württemberg,1585069200000,2020-03-24T18:00:00+01:00,6043,143,37,9.147687,48.606091,RKI/eigene,https://www.rki.de/DE/Content/InfAZ/N/Neuartiges_Coronavirus/Fallzahlen.html,rki.spreadsheet
Deutschland,Bayern,1585058400000,2020-03-24T15:00:00+01:00,6362,21,31,11.658165,48.768814,RKI/eigene,https://www.rki.de/DE/Content/InfAZ/N/Neuartiges_Coronavirus/Fallzahlen.html,rki.spreadsheet
Deutschland,Berlin,1585065600000,2020-03-24T17:00:00+01:00,1425,6,3,13.40732,52.52045,RKI/eigene,https://www.rki.de/DE/Content/InfAZ/N/Neuartiges_Coronavirus/Fallzahlen.html,rki.spreadsheet
Deutschland,Brandenburg,1585062000000,2020-03-24T16:00:00+01:00,443,1,1,14.124409,52.073056,RKI/eigene,https://www.rki.de/DE/Content/InfAZ/N/Neuartiges_Coronavirus/Fallzahlen.html,rki.spreadsheet
Deutschland,Bremen,1585069200000,2020-03-24T18:00:00+01:00,195,26,0,8.731851,53.029599,RKI/eigene,https://www.rki.de/DE/Content/InfAZ/N/Neuartiges_Coronavirus/Fallzahlen.html,rki.spreadsheet
Deutschland,Hamburg,1585051200000,2020-03-24T13:00:00+01:00,1237,1,1,10.007046,53.576158,RKI/eigene,https://www.rki.de/DE/Content/InfAZ/N/Neuartiges_Coronavirus/Fallzahlen.html,rki.spreadsheet
Deutschland,Hessen,1585065600000,2020-03-24T17:00:00+01:00,1620,6,4,9.217535,50.758489,RKI/eigene,https://www.rki.de/DE/Content/InfAZ/N/Neuartiges_Coronavirus/Fallzahlen.html,rki.spreadsheet
Deutschland,Mecklenburg-Vorpommern,1585062000000,2020-03-24T16:00:00+01:00,219,4,0,12.708563,53.810625,RKI/eigene,https://www.rki.de/DE/Content/InfAZ/N/Neuartiges_Coronavirus/Fallzahlen.html,rki.spreadsheet
Deutschland,Niedersachsen,1585062000000,2020-03-24T16:00:00+01:00,2071,54,8,9.944255,52.518203,RKI/eigene,https://www.rki.de/DE/Content/InfAZ/N/Neuartiges_Coronavirus/Fallzahlen.html,rki.spreadsheet
Deutschland,Nordrhein-Westfalen,1585062000000,2020-03-24T16:00:00+01:00,9087,522,54,7.385313,51.510157,RKI/eigene,https://www.rki.de/DE/Content/InfAZ/N/Neuartiges_Coronavirus/Fallzahlen.html,rki.spreadsheet
Deutschland,Rheinland-Pfalz,1585058400000,2020-03-24T15:00:00+01:00,1480,6,5,7.269307,50.104033,RKI/eigene,https://www.rki.de/DE/Content/InfAZ/N/Neuartiges_Coronavirus/Fallzahlen.html,rki.spreadsheet
Deutschland,Saarland,1585069200000,2020-03-24T18:00:00+01:00,433,14,3,6.961042,49.41788,RKI/eigene,https://www.rki.de/DE/Content/InfAZ/N/Neuartiges_Coronavirus/Fallzahlen.html,rki.spreadsheet
Deutschland,Sachsen,1585065600000,2020-03-24T17:00:00+01:00,1018,14,6,13.349228,51.022904,RKI/eigene,https://www.rki.de/DE/Content/InfAZ/N/Neuartiges_Coronavirus/Fallzahlen.html,rki.spreadsheet
Deutschland,Sachsen-Anhalt,1585065600000,2020-03-24T17:00:00+01:00,377,1,1,11.68063,51.926892,RKI/eigene,https://www.rki.de/DE/Content/InfAZ/N/Neuartiges_Coronavirus/Fallzahlen.html,rki.spreadsheet
Deutschland,Schleswig-Holstein,1585040400000,2020-03-24T10:00:00+01:00,544,2,2,9.713017,54.1882542,RKI/eigene,https://www.rki.de/DE/Content/InfAZ/N/Neuartiges_Coronavirus/Fallzahlen.html,rki.spreadsheet
Deutschland,Thüringen,1585069200000,2020-03-24T18:00:00+01:00,432,52,1,11.004142,50.894378,RKI/eigene,https://www.rki.de/DE/Content/InfAZ/N/Neuartiges_Coronavirus/Fallzahlen.html,rki.spreadsheet
Deutschland,nicht zugeordnet,1584986400000,2020-03-23T19:00:00+01:00,0,2370,0,null,null,RKI,https://www.rki.de/DE/Content/InfAZ/N/Neuartiges_Coronavirus/Fallzahlen.html,rki.spreadsheet
Kreuzfahrtschiffe und Sonstige,"Kreuzfahrtschiff ""Diamond Princess""",1585077814000,2020-03-24T20:23:34+01:00,49,0,0,139.6649,35.4498,Coronavirus COVID-19 Global Cases by Johns Hopkins CSSE,https://www.arcgis.com/apps/opsdashboard/index.html#/bda7594740fd40299423467b48e9ecf6,hopkins.arcgis
